"child_id","seen_today","arrival_order","age_months","sex","weight_kg","height_cm","nutritional_status","diarrhoea_episodes_month","wealth_quintile","maternal_education"
"C001",1,1,15,"F",11.2,80.5,"normal",1,5,"primary"
"C002",1,2,12,"F",9.8,78.5,"moderate wasting",1,3,"primary"
"C003",1,3,36,"M",14.1,96.2,"normal",1,2,"none"
"C004",1,4,12,"M",10,74.4,"normal",0,5,"secondary+"
"C005",1,5,24,"F",12.3,89.9,"normal",0,3,"primary"
"C006",1,6,36,"F",13.6,96.4,"moderate wasting",0,3,"none"
"C007",1,7,22,"M",11.1,85.5,"moderate wasting",1,2,"primary"
"C008",1,8,23,"M",11.9,86.4,"normal",0,2,"none"
"C009",1,9,29,"M",12.6,88.3,"normal",1,4,"primary"
"C010",1,10,12,"F",9.4,75.5,"moderate wasting",2,1,"none"
"C011",1,11,36,"F",13.8,94.3,"normal",2,3,"primary"
"C012",1,12,36,"M",15.3,98.7,"normal",1,5,"secondary+"
"C013",1,13,30,"F",13.4,92.9,"normal",0,3,"primary"
"C014",1,14,36,"M",12.9,95,"severe wasting",4,1,"none"
"C015",1,15,13,"F",9.1,75.3,"severe wasting",1,2,"secondary+"
"C016",1,16,14,"M",9.7,76.8,"moderate wasting",4,3,"primary"
"C017",1,17,17,"M",11.6,82.9,"normal",0,4,"primary"
"C018",1,18,12,"F",10.3,76,"normal",1,5,"secondary+"
"C019",1,19,30,"M",11.5,88.2,"severe wasting",2,1,"primary"
"C020",1,20,12,"F",8.6,76.4,"severe wasting",3,1,"none"
"C021",1,21,36,"F",14.8,95.4,"normal",0,4,"secondary+"
"C022",1,22,23,"F",10.5,81.1,"severe wasting",2,1,"none"
"C023",1,23,16,"F",11,77.7,"normal",0,3,"none"
"C024",1,24,13,"M",12.4,81.4,"normal",0,5,"secondary+"
"C025",1,25,30,"M",11.8,90.7,"severe wasting",0,3,"primary"
"C026",1,26,12,"F",10.8,78.2,"normal",0,4,"secondary+"
"C027",1,27,29,"F",12,89.6,"severe wasting",1,1,"none"
"C028",1,28,26,"M",13.1,89.7,"normal",0,2,"none"
"C029",1,29,12,"M",11.4,80.5,"normal",0,4,"primary"
"C030",1,30,27,"M",14.4,93.3,"normal",0,4,"secondary+"
"C031",0,,18,"M",11.8,84,"normal",0,3,"primary"
"C032",0,,16,"F",10.9,83.6,"normal",0,4,"secondary+"
"C033",0,,14,"M",11,79.8,"normal",0,3,"secondary+"
"C034",0,,22,"M",10.6,82.5,"severe wasting",1,2,"none"
"C035",0,,20,"F",12.7,85.6,"normal",1,5,"secondary+"
"C036",0,,21,"M",12.4,86.2,"normal",1,4,"secondary+"
"C037",0,,18,"M",11.9,84,"normal",0,4,"secondary+"
"C038",0,,31,"M",13.6,91.8,"normal",2,5,"secondary+"
"C039",0,,28,"M",12.6,88.3,"normal",1,3,"none"
"C040",0,,19,"M",11.6,82.4,"normal",0,4,"secondary+"
"C041",0,,31,"F",14.3,93.3,"normal",0,5,"secondary+"
"C042",0,,35,"F",14.6,97.4,"normal",1,4,"primary"
"C043",0,,21,"F",11.6,84.6,"normal",0,4,"secondary+"
"C044",0,,15,"M",10.1,77.9,"moderate wasting",0,2,"none"
"C045",0,,15,"M",9.7,79.8,"severe wasting",1,2,"none"
"C046",0,,30,"M",12.7,89,"normal",1,3,"secondary+"
"C047",0,,34,"M",13.3,95.8,"normal",0,2,"secondary+"
"C048",0,,36,"F",12.6,94.9,"severe wasting",3,2,"primary"
"C049",0,,20,"M",12.6,89,"normal",0,5,"secondary+"
"C050",0,,36,"M",12.6,93.6,"severe wasting",1,2,"none"
"C051",0,,23,"M",12.2,87.6,"normal",0,3,"none"
"C052",0,,32,"F",13.7,94.4,"normal",2,5,"secondary+"
"C053",0,,24,"F",11.8,86.3,"normal",1,5,"secondary+"
"C054",0,,29,"M",11.8,86.9,"severe wasting",2,2,"secondary+"
"C055",0,,18,"F",10.3,78.6,"moderate wasting",2,3,"none"
"C056",0,,36,"F",13.5,96.7,"moderate wasting",0,2,"primary"
"C057",0,,16,"F",10.6,82.5,"moderate wasting",1,4,"primary"
"C058",0,,19,"F",11.2,81,"normal",0,5,"secondary+"
"C059",0,,32,"M",13.3,96.7,"normal",0,4,"secondary+"
"C060",0,,17,"F",11.6,81.2,"normal",0,3,"secondary+"
"C061",0,,36,"F",15.2,99.2,"normal",0,5,"primary"
"C062",0,,33,"F",14.2,94.1,"normal",0,2,"none"
"C063",0,,36,"M",13.7,96.1,"moderate wasting",3,4,"secondary+"
"C064",0,,30,"M",12.1,88.3,"moderate wasting",2,2,"none"
"C065",0,,34,"M",13.3,94.1,"moderate wasting",3,2,"primary"
"C066",0,,25,"F",12.9,89.1,"normal",3,5,"primary"
"C067",0,,27,"F",13.7,93.4,"normal",0,5,"secondary+"
"C068",0,,15,"F",11.8,82.2,"normal",0,5,"secondary+"
"C069",0,,23,"F",11.5,85.9,"moderate wasting",2,2,"primary"
"C070",0,,33,"M",13.3,92,"moderate wasting",1,4,"secondary+"
"C071",0,,14,"F",12.6,85.2,"normal",0,5,"primary"
"C072",0,,23,"F",12.1,86.6,"normal",1,2,"secondary+"
"C073",0,,23,"M",11.8,84.9,"normal",0,3,"secondary+"
"C074",0,,26,"F",11.6,88,"moderate wasting",1,1,"primary"
"C075",0,,16,"F",10.5,78.2,"moderate wasting",2,2,"none"
"C076",0,,22,"F",11.9,86.1,"normal",0,4,"primary"
"C077",0,,26,"M",11.6,86,"severe wasting",1,1,"none"
"C078",0,,34,"F",15.4,98.7,"normal",1,5,"primary"
"C079",0,,29,"F",11.9,88.5,"severe wasting",1,3,"primary"
"C080",0,,31,"M",13.3,92.5,"normal",2,3,"secondary+"
"C081",0,,15,"M",10.2,78.4,"moderate wasting",4,1,"none"
"C082",0,,36,"M",14.7,93.8,"normal",0,2,"secondary+"
"C083",0,,20,"F",12.1,84,"normal",1,1,"none"
"C084",0,,24,"F",11.2,85,"moderate wasting",1,4,"primary"
"C085",0,,22,"M",11.6,85.3,"moderate wasting",2,1,"primary"
"C086",0,,14,"M",9.9,78.1,"moderate wasting",1,2,"none"
"C087",0,,18,"M",11.4,85.3,"normal",0,2,"none"
"C088",0,,35,"M",13.3,93.2,"moderate wasting",0,1,"none"
"C089",0,,26,"M",13.3,94.1,"normal",0,4,"secondary+"
"C090",0,,30,"F",12.3,92.1,"moderate wasting",2,2,"none"
"C091",0,,27,"F",12.5,86.5,"normal",1,5,"primary"
"C092",0,,29,"M",12.2,88.5,"moderate wasting",1,1,"none"
"C093",0,,17,"M",10.5,79.5,"severe wasting",2,2,"primary"
"C094",0,,12,"M",10.3,73.4,"normal",0,3,"none"
"C095",0,,25,"F",13.4,88.6,"normal",1,3,"none"
"C096",0,,22,"F",13,85.7,"normal",1,5,"primary"
"C097",0,,31,"M",13.6,92.4,"normal",1,2,"none"
"C098",0,,35,"F",13.5,95.1,"normal",1,3,"none"
"C099",0,,30,"F",12.3,88.9,"moderate wasting",2,2,"none"
"C100",0,,24,"F",11.9,88.1,"moderate wasting",1,4,"secondary+"
