"hh_id","intervention","income_k","distance_km","time_months","dropout","censor_reason"
"D001",1,9.5,6.3,24,0,"enrolled at 24 months"
"D002",1,16,5.4,24,0,"enrolled at 24 months"
"D003",1,15.4,4.3,24,0,"enrolled at 24 months"
"D004",1,7.8,1.4,24,0,"enrolled at 24 months"
"D005",0,13.1,9.2,24,0,"enrolled at 24 months"
"D006",1,14.8,3.4,16.2,1,""
"D007",1,9.7,4,18.3,1,""
"D008",0,2,3.2,24,0,"enrolled at 24 months"
"D009",1,5.9,9.2,4.6,1,""
"D010",1,2,4,6.1,1,""
"D011",1,7.7,2.6,24,0,"enrolled at 24 months"
"D012",0,12.7,6.9,19.4,1,""
"D013",0,10.2,7.1,24,0,"enrolled at 24 months"
"D014",0,7.8,4.5,24,0,"enrolled at 24 months"
"D015",0,11.5,4.3,24,0,"enrolled at 24 months"
"D016",0,10.6,4.5,1.5,0,"moved away"
"D017",1,17.5,3.5,24,0,"enrolled at 24 months"
"D018",1,12.3,3.9,12.2,1,""
"D019",0,5,7.5,4.6,1,""
"D020",1,3.3,4.9,2.3,1,""
"D021",1,16.8,4.4,24,0,"enrolled at 24 months"
"D022",1,16.3,8.1,9.6,1,""
"D023",1,15,7.4,24,0,"enrolled at 24 months"
"D024",1,12,10.8,24,0,"enrolled at 24 months"
"D025",0,13.8,5.9,12.9,1,""
"D026",0,13.4,4.8,24,0,"enrolled at 24 months"
"D027",0,18.9,7.6,24,0,"enrolled at 24 months"
"D028",0,14.9,16.5,18.4,1,""
"D029",1,4.9,9.3,24,0,"enrolled at 24 months"
"D030",1,8.5,8.2,24,0,"enrolled at 24 months"
"D031",1,2,2.8,6.7,1,""
"D032",0,11.7,3.3,24,0,"enrolled at 24 months"
"D033",0,2,5.8,7.2,0,"moved away"
"D034",1,15,5.2,24,0,"enrolled at 24 months"
"D035",0,9.4,8.8,16.3,1,""
"D036",0,5.5,6.4,24,0,"enrolled at 24 months"
"D037",0,3.3,4.9,24,0,"enrolled at 24 months"
"D038",0,7.5,6.9,24,0,"enrolled at 24 months"
"D039",0,6.9,8.7,11.6,1,""
"D040",1,16.3,3.2,10.9,1,""
"D041",1,6.8,5.7,24,0,"enrolled at 24 months"
"D042",1,8.9,5.8,24,0,"enrolled at 24 months"
"D043",1,9.6,9.1,24,0,"enrolled at 24 months"
"D044",0,9.9,9.3,18.4,1,""
"D045",0,9.8,8.5,24,0,"enrolled at 24 months"
"D046",0,13.1,9.7,24,0,"enrolled at 24 months"
"D047",1,2,2.7,24,0,"enrolled at 24 months"
"D048",1,5.8,2.9,24,0,"enrolled at 24 months"
"D049",0,3.9,2.6,3.7,1,""
"D050",0,10.4,4.1,24,0,"enrolled at 24 months"
"D051",1,5.4,2.9,24,0,"enrolled at 24 months"
"D052",1,11.8,16.7,24,0,"enrolled at 24 months"
"D053",1,8.9,1.7,1.3,0,"moved away"
"D054",0,15.3,5.6,6.4,1,""
"D055",0,18.3,2.6,24,0,"enrolled at 24 months"
"D056",0,16.8,9.5,24,0,"enrolled at 24 months"
"D057",0,11.9,4.8,18.1,1,""
"D058",0,13.1,7.4,13.4,1,""
"D059",0,7.6,2.2,24,0,"enrolled at 24 months"
"D060",1,3.2,4.5,24,0,"enrolled at 24 months"
"D061",1,15.2,4.4,24,0,"enrolled at 24 months"
"D062",0,10.7,7.7,24,0,"enrolled at 24 months"
"D063",1,9.4,11.2,24,0,"enrolled at 24 months"
"D064",0,8.7,11.3,12.9,1,""
"D065",1,9.8,4,24,0,"enrolled at 24 months"
"D066",0,5,4,24,0,"enrolled at 24 months"
"D067",0,9.1,4.1,21.4,1,""
"D068",0,7.9,9.4,10,1,""
"D069",0,18.3,3.8,24,0,"enrolled at 24 months"
"D070",1,13.8,6.4,11.5,1,""
"D071",1,9.5,6.2,17.8,1,""
"D072",1,8.7,1.7,24,0,"enrolled at 24 months"
"D073",0,12.6,5.4,5.1,1,""
"D074",1,10.7,7.8,1.5,1,""
"D075",0,5.1,5.1,4.2,1,""
"D076",1,6.4,2.8,24,0,"enrolled at 24 months"
"D077",1,6.9,13.3,0.3,1,""
"D078",0,4.8,3.4,24,0,"enrolled at 24 months"
"D079",1,8.3,4.6,24,0,"enrolled at 24 months"
"D080",1,10.8,5,17.4,1,""
"D081",0,8,1.3,24,0,"enrolled at 24 months"
"D082",0,8.5,11.7,14.1,1,""
"D083",1,12.5,4.3,18.1,1,""
"D084",1,10.4,8.5,16.4,0,"moved away"
"D085",0,6.3,4.4,3.7,1,""
"D086",1,13.2,5.5,24,0,"enrolled at 24 months"
"D087",1,5.4,3.2,3.7,1,""
"D088",1,16.5,4.1,24,0,"enrolled at 24 months"
"D089",1,2.3,7.5,9,0,"moved away"
"D090",0,9.1,7.9,0.1,1,""
"D091",1,10.2,1.4,24,0,"enrolled at 24 months"
"D092",0,15.9,5.1,19.9,1,""
"D093",0,11.4,6.4,24,0,"enrolled at 24 months"
"D094",1,3.1,2.4,5.1,1,""
"D095",1,3.3,6.6,24,0,"enrolled at 24 months"
"D096",0,14.8,6.6,24,0,"enrolled at 24 months"
"D097",0,15.6,4.6,16.9,0,"moved away"
"D098",1,9.5,1.1,23.8,1,""
"D099",0,3.8,5.3,19.6,1,""
"D100",0,2,7.3,20.6,1,""
"D101",1,4.6,2.8,24,0,"enrolled at 24 months"
"D102",0,7.7,4.6,24,0,"enrolled at 24 months"
"D103",0,4.2,8.1,11.3,1,""
"D104",0,6.5,4,1.3,1,""
"D105",0,4.6,9.7,0.6,1,""
"D106",0,8,9.3,2.6,0,"moved away"
"D107",0,16.2,7,24,0,"enrolled at 24 months"
"D108",0,9.4,3.6,24,0,"enrolled at 24 months"
"D109",1,8.9,5.2,24,0,"enrolled at 24 months"
"D110",0,14.7,3.7,24,0,"enrolled at 24 months"
"D111",1,8.3,5.5,14.9,0,"moved away"
"D112",1,7.4,0.8,24,0,"enrolled at 24 months"
"D113",0,16.5,7.2,24,0,"enrolled at 24 months"
"D114",0,10.7,3.7,9.9,1,""
"D115",1,12.3,3.1,24,0,"enrolled at 24 months"
"D116",1,7.5,6.7,7.2,1,""
"D117",1,21.8,5.4,24,0,"enrolled at 24 months"
"D118",0,8.9,8,1.3,1,""
"D119",0,9.8,3,24,0,"enrolled at 24 months"
"D120",0,7.3,6.7,11.8,1,""
"D121",1,8.3,7.5,24,0,"enrolled at 24 months"
"D122",0,7,5.3,5.2,1,""
"D123",0,9.6,2.2,6.5,1,""
"D124",1,2,2.7,7.5,1,""
"D125",1,9.7,4.7,5.6,1,""
"D126",1,9.3,6.6,24,0,"enrolled at 24 months"
"D127",0,9.8,2.5,24,0,"enrolled at 24 months"
"D128",1,15.2,8.9,24,0,"enrolled at 24 months"
"D129",0,2,3.8,24,0,"enrolled at 24 months"
"D130",1,2.5,5.5,24,0,"enrolled at 24 months"
"D131",1,9.5,6.1,24,0,"enrolled at 24 months"
"D132",1,6.6,4.9,24,0,"enrolled at 24 months"
"D133",1,15.9,8.2,24,0,"enrolled at 24 months"
"D134",1,10.7,3.5,24,0,"enrolled at 24 months"
"D135",1,16.2,6.3,24,0,"enrolled at 24 months"
"D136",0,2,4.2,17.7,0,"moved away"
"D137",0,8.6,6.4,19.4,1,""
"D138",1,11.7,2.7,24,0,"enrolled at 24 months"
"D139",0,8.5,5.6,7.8,1,""
"D140",1,11.2,2,5.3,1,""
"D141",1,9.9,4.2,23.4,1,""
"D142",0,11.3,2.4,2.7,0,"moved away"
"D143",0,6.2,4.1,8.2,1,""
"D144",0,11.3,4.8,24,0,"enrolled at 24 months"
"D145",1,15.9,10.8,14,1,""
"D146",0,6.1,6.2,16.6,1,""
"D147",0,9.8,7.1,24,0,"enrolled at 24 months"
"D148",1,8.2,13.2,16.5,1,""
"D149",0,15.1,7.8,24,0,"enrolled at 24 months"
"D150",1,9.6,3.4,24,0,"enrolled at 24 months"
"D151",0,20.2,2.7,24,0,"enrolled at 24 months"
"D152",0,2,3,10.9,1,""
"D153",1,3.7,7.2,8.4,1,""
"D154",0,10.4,1.7,24,0,"enrolled at 24 months"
"D155",1,9.2,5,24,0,"enrolled at 24 months"
"D156",1,12.1,4.5,24,0,"enrolled at 24 months"
"D157",0,13,1.9,14.8,0,"moved away"
"D158",1,7.8,5,24,0,"enrolled at 24 months"
"D159",1,15,2.6,24,0,"enrolled at 24 months"
"D160",1,12.3,14.8,24,0,"enrolled at 24 months"
"D161",1,13.1,2.8,24,0,"enrolled at 24 months"
"D162",1,15.2,6.1,24,0,"enrolled at 24 months"
"D163",1,7.3,4,3.9,1,""
"D164",0,11.3,6.7,23.8,1,""
"D165",1,9.7,7.4,24,0,"enrolled at 24 months"
"D166",1,2,4.8,7,1,""
"D167",1,7.4,5.3,24,0,"enrolled at 24 months"
"D168",1,8.6,11.7,15.1,1,""
"D169",1,15.1,7.5,24,0,"enrolled at 24 months"
"D170",1,4,2.1,10.1,1,""
"D171",0,5,3.1,9.9,1,""
"D172",1,2,4.2,5.7,1,""
"D173",1,12.5,11.3,8.2,1,""
"D174",1,4.4,5.2,13.9,1,""
"D175",1,6.8,9.9,11.2,1,""
"D176",0,9.9,3.8,24,0,"enrolled at 24 months"
"D177",0,16.3,4.5,24,0,"enrolled at 24 months"
"D178",0,10.1,4.7,24,0,"enrolled at 24 months"
"D179",1,10.4,8.8,2.3,1,""
"D180",1,13.7,3.1,24,0,"enrolled at 24 months"
"D181",1,15.2,6.1,24,0,"enrolled at 24 months"
"D182",1,8.2,4.9,24,0,"enrolled at 24 months"
"D183",0,14.3,4.2,8.5,1,""
"D184",0,15,5.4,2.3,1,""
"D185",0,6.5,6,24,0,"enrolled at 24 months"
"D186",1,12.1,3.1,6.8,0,"moved away"
"D187",1,5,5.1,9,1,""
"D188",1,15.9,3.6,21.9,0,"moved away"
"D189",0,11.3,3.3,24,0,"enrolled at 24 months"
"D190",1,10.2,8.5,0.1,1,""
"D191",0,2,2.9,24,0,"enrolled at 24 months"
"D192",0,7,5.3,4.7,1,""
"D193",0,5.7,7.7,5.7,1,""
"D194",1,11.9,8.6,13.9,1,""
"D195",1,10.6,8.5,19.3,1,""
"D196",0,5.5,3.3,24,0,"enrolled at 24 months"
"D197",1,10,14.3,14.4,1,""
"D198",1,11.5,4.7,24,0,"enrolled at 24 months"
"D199",1,19.8,5,24,0,"enrolled at 24 months"
"D200",1,15.1,9.2,3.6,0,"moved away"
"D201",1,9.7,4.4,24,0,"enrolled at 24 months"
"D202",1,17.7,6.4,11.1,0,"moved away"
"D203",0,6.9,7,1.4,1,""
"D204",0,12.7,1.1,24,0,"enrolled at 24 months"
"D205",0,11.7,7.3,24,0,"enrolled at 24 months"
"D206",0,9,10.5,19.2,1,""
"D207",0,7.2,3.5,3.8,1,""
"D208",1,5.4,8.4,24,0,"enrolled at 24 months"
"D209",1,2,5.9,24,0,"enrolled at 24 months"
"D210",1,7.4,6.4,24,0,"enrolled at 24 months"
"D211",1,9.3,2.6,14.2,0,"moved away"
"D212",1,2,6.1,24,0,"enrolled at 24 months"
"D213",1,11.4,6.5,24,0,"enrolled at 24 months"
"D214",0,4.9,6.1,24,0,"enrolled at 24 months"
"D215",0,13,7.4,1.1,1,""
"D216",0,4.9,3.5,3.4,1,""
"D217",0,12.2,8.8,18.5,1,""
"D218",0,2,3,24,0,"enrolled at 24 months"
"D219",1,11.8,4.5,24,0,"enrolled at 24 months"
"D220",1,14.4,4.9,24,0,"enrolled at 24 months"
"D221",0,6.8,9.5,19.3,1,""
"D222",0,17.2,8.7,8.9,1,""
"D223",1,13.5,5.1,24,0,"enrolled at 24 months"
"D224",0,12.2,5.1,16.7,1,""
"D225",0,18.4,3.5,24,0,"enrolled at 24 months"
"D226",1,13.4,2.8,24,0,"enrolled at 24 months"
"D227",1,6.3,3.5,24,0,"enrolled at 24 months"
"D228",0,10.9,3.2,14.1,1,""
"D229",0,17.3,5.3,24,0,"enrolled at 24 months"
"D230",1,11.1,6.5,24,0,"enrolled at 24 months"
"D231",0,4.4,5.9,24,0,"enrolled at 24 months"
"D232",1,8.6,3.2,24,0,"enrolled at 24 months"
"D233",0,14.8,6.9,6.1,1,""
"D234",0,12.5,4.4,19.4,1,""
"D235",1,9.1,4.6,24,0,"enrolled at 24 months"
"D236",1,11.1,6.2,24,0,"enrolled at 24 months"
"D237",0,12.3,2.7,24,0,"enrolled at 24 months"
"D238",1,14.1,6.5,24,0,"enrolled at 24 months"
"D239",0,15.6,1,11.7,1,""
"D240",0,10.6,8.9,21.2,1,""
"D241",0,11.2,3.7,20.6,1,""
"D242",0,15.2,3.9,24,0,"enrolled at 24 months"
"D243",1,5.4,16.7,18.2,1,""
"D244",1,11.1,2.9,24,0,"enrolled at 24 months"
"D245",1,5.1,12.2,16.3,1,""
"D246",0,15.7,9,8.5,1,""
"D247",0,6,1.7,24,0,"enrolled at 24 months"
"D248",1,8.3,5.6,22.3,1,""
"D249",1,5.6,3.3,24,0,"enrolled at 24 months"
"D250",0,14.3,4.2,24,0,"enrolled at 24 months"
"D251",1,8.1,10.8,24,0,"enrolled at 24 months"
"D252",1,4.9,4.3,24,0,"enrolled at 24 months"
"D253",1,12.1,3.6,24,0,"enrolled at 24 months"
"D254",1,11.7,5.3,24,0,"enrolled at 24 months"
"D255",1,16.7,6.4,24,0,"enrolled at 24 months"
"D256",0,3.5,2.9,24,0,"enrolled at 24 months"
"D257",1,10.6,7.8,24,0,"enrolled at 24 months"
"D258",1,10.2,11.8,7.2,0,"moved away"
"D259",0,10.5,3.6,7.9,1,""
"D260",0,9.9,5.8,24,0,"enrolled at 24 months"
"D261",1,4.4,3.5,8.6,1,""
"D262",1,8.6,5.7,17.8,1,""
"D263",1,3.6,6.9,4.8,1,""
"D264",1,12.5,16.5,24,0,"enrolled at 24 months"
"D265",0,15,2,13.8,1,""
"D266",0,2.7,5.5,24,0,"enrolled at 24 months"
"D267",0,15.1,2.5,6.9,1,""
"D268",0,14.6,2,24,0,"enrolled at 24 months"
"D269",0,7.6,2.2,24,0,"enrolled at 24 months"
"D270",1,10.1,6.9,24,0,"enrolled at 24 months"
"D271",1,13.7,9.4,3.7,1,""
"D272",0,10.4,2.4,7.9,1,""
"D273",0,14,3.9,24,0,"enrolled at 24 months"
"D274",0,9.7,4.5,6.8,1,""
"D275",1,9.4,5.5,24,0,"enrolled at 24 months"
"D276",0,6.4,3.7,22.5,1,""
"D277",0,18.8,5.7,4.6,1,""
"D278",1,9.5,5.3,24,0,"enrolled at 24 months"
"D279",0,18.6,11.4,7,1,""
"D280",1,14.9,4.1,7.9,1,""
"D281",0,13.2,4.2,24,0,"enrolled at 24 months"
"D282",0,6.1,3.1,24,0,"enrolled at 24 months"
"D283",0,7.5,2.8,23.1,1,""
"D284",1,15.3,3.9,24,0,"enrolled at 24 months"
"D285",0,10.5,2.4,24,0,"enrolled at 24 months"
"D286",0,8.1,10.1,24,0,"enrolled at 24 months"
"D287",0,2.8,6.8,1.8,1,""
"D288",0,4.2,3.5,24,0,"enrolled at 24 months"
"D289",1,22.9,6.4,24,0,"enrolled at 24 months"
"D290",0,7.7,5.9,1.8,1,""
"D291",0,9.7,4.4,24,0,"enrolled at 24 months"
"D292",1,9.8,5.9,24,0,"enrolled at 24 months"
"D293",1,7.3,4.3,5.2,1,""
"D294",0,6.2,6.5,24,0,"enrolled at 24 months"
"D295",1,9.5,6.3,24,0,"enrolled at 24 months"
"D296",0,4,3.9,24,0,"enrolled at 24 months"
"D297",0,14.5,9.8,5.7,1,""
"D298",0,8.8,17.4,0.5,1,""
"D299",0,17.2,12.9,10.9,0,"moved away"
"D300",1,15,1.5,3.1,1,""
