"infant_id","phc","not_ebf","diarrhoea"
"E001","PHC Urban",0,0
"E002","PHC Rural",1,0
"E003","PHC Rural",1,1
"E004","PHC Urban",0,0
"E005","PHC Urban",1,0
"E006","PHC Rural",0,0
"E007","PHC Rural",1,0
"E008","PHC Rural",0,0
"E009","PHC Rural",0,0
"E010","PHC Rural",0,0
"E011","PHC Rural",0,0
"E012","PHC Urban",0,0
"E013","PHC Urban",0,0
"E014","PHC Rural",1,0
"E015","PHC Urban",1,0
"E016","PHC Urban",0,0
"E017","PHC Urban",0,0
"E018","PHC Rural",1,1
"E019","PHC Urban",1,0
"E020","PHC Urban",1,1
"E021","PHC Urban",1,0
"E022","PHC Urban",0,0
"E023","PHC Urban",0,0
"E024","PHC Rural",0,0
"E025","PHC Urban",1,0
"E026","PHC Rural",0,0
"E027","PHC Urban",0,0
"E028","PHC Urban",0,0
"E029","PHC Urban",0,0
"E030","PHC Urban",1,0
"E031","PHC Urban",0,0
"E032","PHC Urban",0,0
"E033","PHC Urban",1,0
"E034","PHC Urban",0,0
"E035","PHC Urban",0,0
"E036","PHC Urban",1,0
"E037","PHC Urban",0,0
"E038","PHC Urban",0,0
"E039","PHC Rural",0,0
"E040","PHC Rural",1,1
"E041","PHC Rural",0,0
"E042","PHC Rural",1,0
"E043","PHC Rural",1,1
"E044","PHC Urban",0,0
"E045","PHC Urban",1,1
"E046","PHC Rural",1,0
"E047","PHC Rural",1,1
"E048","PHC Rural",1,0
"E049","PHC Urban",0,0
"E050","PHC Rural",0,0
"E051","PHC Rural",0,1
"E052","PHC Urban",0,0
"E053","PHC Rural",0,0
"E054","PHC Urban",0,0
"E055","PHC Urban",0,1
"E056","PHC Rural",1,1
"E057","PHC Rural",1,0
"E058","PHC Urban",0,0
"E059","PHC Urban",0,0
"E060","PHC Urban",0,0
"E061","PHC Urban",1,0
"E062","PHC Urban",0,0
"E063","PHC Urban",0,0
"E064","PHC Rural",1,1
"E065","PHC Rural",1,1
"E066","PHC Urban",1,1
"E067","PHC Urban",0,0
"E068","PHC Urban",0,0
"E069","PHC Rural",1,0
"E070","PHC Urban",1,0
"E071","PHC Urban",0,0
"E072","PHC Urban",0,0
"E073","PHC Rural",1,0
"E074","PHC Urban",0,1
"E075","PHC Urban",1,1
"E076","PHC Rural",0,0
"E077","PHC Urban",0,0
"E078","PHC Rural",1,1
"E079","PHC Urban",0,0
"E080","PHC Urban",0,1
"E081","PHC Rural",1,0
"E082","PHC Rural",1,0
"E083","PHC Rural",1,1
"E084","PHC Urban",0,0
"E085","PHC Rural",1,1
"E086","PHC Urban",0,0
"E087","PHC Urban",1,1
"E088","PHC Urban",0,0
"E089","PHC Rural",1,0
"E090","PHC Urban",0,0
"E091","PHC Urban",0,0
"E092","PHC Rural",1,1
"E093","PHC Urban",0,0
"E094","PHC Rural",0,1
"E095","PHC Rural",1,1
"E096","PHC Rural",0,0
"E097","PHC Rural",1,1
"E098","PHC Rural",1,1
"E099","PHC Rural",0,0
"E100","PHC Urban",0,1
"E101","PHC Rural",0,0
"E102","PHC Rural",1,1
"E103","PHC Rural",0,1
"E104","PHC Urban",0,0
"E105","PHC Rural",1,0
"E106","PHC Urban",0,0
"E107","PHC Rural",0,0
"E108","PHC Rural",1,1
"E109","PHC Rural",1,0
"E110","PHC Rural",1,0
"E111","PHC Urban",0,0
"E112","PHC Urban",0,0
"E113","PHC Rural",1,0
"E114","PHC Urban",0,0
"E115","PHC Rural",1,0
"E116","PHC Urban",0,0
"E117","PHC Rural",1,1
"E118","PHC Rural",1,0
"E119","PHC Urban",0,0
"E120","PHC Urban",1,1
"E121","PHC Rural",0,0
"E122","PHC Urban",0,0
"E123","PHC Rural",0,0
"E124","PHC Rural",0,1
"E125","PHC Urban",0,0
"E126","PHC Urban",1,0
"E127","PHC Urban",0,0
"E128","PHC Rural",1,0
"E129","PHC Urban",1,0
"E130","PHC Urban",0,0
"E131","PHC Urban",1,0
"E132","PHC Rural",0,1
"E133","PHC Urban",0,0
"E134","PHC Rural",1,1
"E135","PHC Urban",0,0
"E136","PHC Urban",0,0
"E137","PHC Urban",0,0
"E138","PHC Rural",0,0
"E139","PHC Urban",1,0
"E140","PHC Rural",0,0
"E141","PHC Urban",0,0
"E142","PHC Rural",1,1
"E143","PHC Urban",1,0
"E144","PHC Urban",0,0
"E145","PHC Rural",1,0
"E146","PHC Rural",1,0
"E147","PHC Urban",0,0
"E148","PHC Rural",1,1
"E149","PHC Rural",0,0
"E150","PHC Rural",1,0
"E151","PHC Urban",0,0
"E152","PHC Urban",0,1
"E153","PHC Urban",0,0
"E154","PHC Urban",0,0
"E155","PHC Urban",0,0
"E156","PHC Urban",0,0
"E157","PHC Urban",1,0
"E158","PHC Urban",1,0
"E159","PHC Urban",0,1
"E160","PHC Urban",0,0
"E161","PHC Urban",0,0
"E162","PHC Rural",1,0
"E163","PHC Urban",0,0
"E164","PHC Urban",0,0
"E165","PHC Urban",0,0
"E166","PHC Rural",1,1
"E167","PHC Urban",1,1
"E168","PHC Urban",1,0
"E169","PHC Urban",0,0
"E170","PHC Urban",1,0
"E171","PHC Urban",0,1
"E172","PHC Urban",0,0
"E173","PHC Urban",0,0
"E174","PHC Rural",1,0
"E175","PHC Urban",0,0
"E176","PHC Urban",0,0
"E177","PHC Urban",0,0
"E178","PHC Rural",1,0
"E179","PHC Urban",0,0
"E180","PHC Urban",0,0
"E181","PHC Urban",1,0
"E182","PHC Rural",0,0
"E183","PHC Rural",1,1
"E184","PHC Rural",0,0
"E185","PHC Urban",1,1
"E186","PHC Rural",0,0
"E187","PHC Rural",1,0
"E188","PHC Urban",0,0
"E189","PHC Rural",0,0
"E190","PHC Urban",0,0
"E191","PHC Urban",0,1
"E192","PHC Urban",1,0
"E193","PHC Urban",1,1
"E194","PHC Urban",0,0
"E195","PHC Urban",0,0
"E196","PHC Urban",0,0
"E197","PHC Urban",0,0
"E198","PHC Urban",0,1
"E199","PHC Urban",0,0
"E200","PHC Rural",1,1
