"child_id","age_months","sex","wealth_index","weight_kg"
"J001",25,"M",-0.06,10.3
"J002",22,"M",0.83,11.4
"J003",26,"M",-0.01,11.5
"J004",15,"F",0.81,9.3
"J005",17,"F",0.63,10.3
"J006",24,"M",0.93,10.6
"J007",25,"F",-0.02,10.4
"J008",24,"F",0.33,9.1
"J009",12,"M",-0.12,9.7
"J010",25,"F",0.02,12
"J011",28,"M",0.45,12.5
"J012",25,"M",0.39,13.5
"J013",26,"M",-0.37,10.5
"J014",29,"F",-0.14,11.8
"J015",21,"F",0.19,12.9
"J016",27,"M",0.72,12.4
"J017",25,"M",0.66,14.7
"J018",24,"F",0.48,10.9
"J019",27,"F",0.03,12.9
"J020",22,"F",-0.32,12.3
"J021",23,"M",0.81,12.5
"J022",19,"M",-1.34,10.6
"J023",30,"F",0.36,13.7
"J024",15,"M",0.13,11
"J025",32,"F",-0.7,12.5
"J026",22,"F",-1.09,10.2
"J027",28,"F",0.16,12.8
"J028",24,"M",-0.57,11.6
"J029",19,"M",0.9,10.6
"J030",25,"F",-0.29,14.5
"J031",15,"F",-1.01,10.9
"J032",24,"F",-0.57,11.9
"J033",18,"F",-0.5,8.7
"J034",23,"M",-0.19,9.5
"J035",18,"M",-0.09,9.9
"J036",29,"F",0.21,12.9
"J037",27,"M",-0.44,10.6
"J038",22,"M",-1.06,10.9
"J039",22,"F",0.89,9.5
"J040",27,"M",-0.25,10.9
"J041",14,"F",-0.51,11.2
"J042",13,"F",0.69,10.6
"J043",24,"M",0.62,11.9
"J044",24,"F",-0.02,11.8
"J045",26,"M",0.5,13.7
"J046",27,"M",-0.51,12
"J047",26,"M",1.01,15.1
"J048",22,"F",-0.95,8.6
"J049",22,"F",-0.64,10.6
"J050",23,"M",-0.24,10.3
"J051",20,"M",-0.26,9.5
"J052",19,"F",-0.42,11.4
"J053",24,"F",-0.21,11
"J054",24,"M",-1.12,13.4
"J055",24,"M",-1.03,11.3
"J056",25,"F",-0.08,12.2
"J057",23,"M",1.19,12.5
"J058",25,"F",0.33,11.8
"J059",31,"M",0.13,13.5
"J060",12,"M",-0.05,9.2
"J061",15,"F",-0.11,10.8
"J062",21,"M",-0.64,11.6
"J063",24,"F",0.44,11.7
"J064",26,"F",-0.19,9.2
"J065",24,"F",-0.12,11.2
"J066",26,"F",0.85,12
"J067",12,"M",0.51,10.1
"J068",27,"F",0.4,10.9
"J069",25,"F",1.33,12
"J070",30,"F",-0.14,13.3
"J071",28,"M",0.13,12.7
"J072",35,"M",-0.09,12.6
"J073",29,"F",,12
"J074",20,"F",0.12,10.6
"J075",27,"M",0.26,12.2
"J076",28,"M",-0.23,11.9
"J077",30,"M",0.23,12.1
"J078",29,"F",0.57,11.3
"J079",34,"F",0.03,10.1
"J080",16,"M",-0.57,7
"J081",24,"M",0.38,11.8
"J082",23,"M",-0.08,11.2
"J083",30,"M",-0.16,13.6
"J084",18,"F",-0.34,9.5
"J085",19,"M",-0.03,10.4
"J086",31,"M",-0.36,9.9
"J087",22,"M",0.35,12.9
"J088",24,"M",-0.53,12.7
"J089",19,"F",-0.37,10.2
"J090",33,"F",-0.2,17.6
"J091",17,"F",-0.16,10.5
"J092",27,"M",0.47,11.8
"J093",28,"M",0.55,11.5
"J094",30,"F",-1.34,11.9
"J095",23,"F",-0.29,12.9
"J096",25,"F",-0.02,10.1
"J097",27,"F",-0.83,11.3
"J098",21,"M",0.47,10.7
"J099",31,"M",-0.36,13.7
"J100",34,"F",0.78,14.2
"J101",18,"F",0.02,9.9
"J102",25,"M",-0.01,13.2
"J103",35,"F",0.24,12.2
"J104",26,"F",0.02,11.5
"J105",21,"M",-0.06,9.8
"J106",28,"F",0.14,12.1
"J107",32,"M",-0.32,12.3
"J108",25,"F",-0.73,9.2
"J109",22,"F",,6.8
"J110",18,"F",-0.2,13
"J111",19,"M",-0.07,10.4
"J112",20,"M",0.86,12.5
"J113",36,"F",0.47,13.1
"J114",35,"M",0.61,12.9
"J115",26,"M",-0.34,8.6
"J116",15,"M",-0.67,8.8
"J117",21,"M",-0.57,12.1
"J118",26,"F",0.77,14.1
"J119",26,"F",0.16,11.5
"J120",19,"F",-0.17,9.6
"J121",29,"M",-0.09,13.4
"J122",20,"F",0.03,8.8
"J123",25,"M",-0.72,9
"J124",21,"M",-0.48,10.9
"J125",36,"F",0.2,14.5
"J126",12,"M",-0.02,8.3
"J127",18,"F",,11.2
"J128",24,"F",-0.18,9.4
"J129",12,"F",-0.51,7.9
"J130",23,"M",0.92,13.2
"J131",35,"M",0.58,13.8
"J132",19,"M",-0.75,10.8
"J133",21,"M",-0.2,12.3
"J134",22,"M",-0.12,12.2
"J135",29,"F",0.16,10.7
"J136",34,"M",-0.31,12.4
"J137",30,"M",0.07,11.9
"J138",23,"M",0.3,11.3
"J139",22,"F",0.47,11.7
"J140",24,"M",0.35,13.2
"J141",24,"M",-0.29,11.6
"J142",26,"F",0.21,11.5
"J143",25,"M",-0.24,11.4
"J144",18,"F",-0.69,11.2
"J145",25,"F",-0.46,12.6
"J146",18,"F",-0.2,8.4
"J147",23,"F",-0.69,11.6
"J148",23,"M",-0.45,10.9
"J149",26,"F",0.08,13.5
"J150",36,"F",-0.1,14.4
"J151",28,"M",0.37,12.3
"J152",13,"F",-0.93,8.4
"J153",31,"M",-0.14,12.5
"J154",25,"F",-0.09,12
"J155",26,"F",-0.18,10.7
"J156",30,"M",0.4,14.2
"J157",28,"M",0.15,13.5
"J158",34,"F",-0.25,15.3
"J159",31,"F",-0.18,12.3
"J160",29,"M",1.06,14.9
"J161",23,"M",-1.35,9.7
"J162",25,"M",-0.64,13
"J163",19,"M",-0.41,11.5
"J164",24,"M",-0.41,8.5
"J165",13,"M",-0.92,10.3
"J166",21,"M",0.05,11.4
"J167",33,"F",0.51,14.1
"J168",27,"F",-0.23,13.8
"J169",26,"F",0.11,12.2
"J170",33,"F",0.29,13.9
"J171",21,"F",0.09,8.5
"J172",14,"F",-1.16,8.6
"J173",14,"M",0.47,9.3
"J174",17,"M",0.61,10.1
"J175",22,"F",-0.52,10
"J176",27,"F",0.82,13
"J177",27,"F",-0.38,9.7
"J178",27,"M",0.57,11.3
"J179",25,"F",0.77,13.6
"J180",22,"F",0.88,11.3
"J181",28,"M",0.09,12.2
"J182",30,"F",-0.49,10.1
"J183",30,"M",0.21,15.6
"J184",18,"F",0.92,10.5
"J185",26,"M",-0.75,12.1
"J186",30,"M",-0.03,11.2
"J187",20,"F",-0.21,10.7
"J188",17,"F",-0.26,10.9
"J189",23,"M",1.06,11.9
"J190",28,"M",0.07,9.9
"J191",20,"F",-0.76,10.7
"J192",19,"F",0.5,9.9
"J193",24,"F",0.25,12.1
"J194",22,"M",-0.85,10
"J195",14,"F",-0.02,10
"J196",30,"M",0.44,15
"J197",22,"M",1.03,11.3
"J198",31,"M",-0.04,12.4
"J199",24,"F",0.21,12
"J200",31,"F",-0.46,13.1
"J201",21,"F",-0.14,10.8
"J202",28,"M",-0.25,13.3
"J203",26,"F",1.34,13.2
"J204",22,"M",-0.52,8.6
"J205",28,"M",0.02,12.9
"J206",27,"F",0.14,12.1
"J207",24,"M",-0.14,13
"J208",16,"M",0.07,11.8
"J209",24,"M",0.35,14.5
"J210",32,"F",-0.32,13.7
"J211",29,"F",-0.2,11.5
"J212",25,"M",0.18,11.3
"J213",23,"M",-0.45,9.3
"J214",26,"F",0.21,13.7
"J215",28,"F",0.38,12.3
"J216",25,"M",-0.15,11.9
"J217",26,"M",-1.34,11.7
"J218",31,"F",0.25,11.6
"J219",29,"M",0.39,13.5
"J220",21,"M",-0.36,12.5
"J221",30,"M",0.45,12.8
"J222",19,"F",0.74,10.6
"J223",15,"M",-0.34,10
"J224",21,"M",0.64,13.5
"J225",27,"F",-0.53,10.7
"J226",28,"F",0.69,10
"J227",14,"F",-0.09,8.1
"J228",23,"M",0.48,11.9
"J229",26,"M",0.49,12.5
"J230",23,"F",0.46,9.9
"J231",29,"F",0.37,11.4
"J232",21,"M",-0.39,11
"J233",28,"F",0.86,12.3
"J234",19,"M",0.38,7.9
"J235",19,"M",-0.53,9.7
"J236",25,"M",0.5,10.8
"J237",25,"M",-0.13,12.2
"J238",30,"F",-0.17,12.4
"J239",15,"M",-0.59,11.1
"J240",26,"F",0.02,12
