"patient_id","rater_A","rater_B"
"K001","not anaemic","not anaemic"
"K002","not anaemic","not anaemic"
"K003","not anaemic","not anaemic"
"K004","not anaemic","not anaemic"
"K005","anaemic","anaemic"
"K006","not anaemic","not anaemic"
"K007","not anaemic","not anaemic"
"K008","not anaemic","not anaemic"
"K009","anaemic","anaemic"
"K010","not anaemic","not anaemic"
"K011","anaemic","anaemic"
"K012","not anaemic","not anaemic"
"K013","not anaemic","not anaemic"
"K014","not anaemic","not anaemic"
"K015","not anaemic","not anaemic"
"K016","not anaemic","not anaemic"
"K017","anaemic","anaemic"
"K018","not anaemic","not anaemic"
"K019","anaemic","not anaemic"
"K020","not anaemic","not anaemic"
"K021","not anaemic","not anaemic"
"K022","not anaemic","not anaemic"
"K023","anaemic","not anaemic"
"K024","not anaemic","not anaemic"
"K025","not anaemic","not anaemic"
"K026","not anaemic","anaemic"
"K027","not anaemic","anaemic"
"K028","not anaemic","not anaemic"
"K029","anaemic","anaemic"
"K030","not anaemic","not anaemic"
"K031","anaemic","anaemic"
"K032","not anaemic","not anaemic"
"K033","not anaemic","not anaemic"
"K034","not anaemic","anaemic"
"K035","not anaemic","not anaemic"
"K036","not anaemic","not anaemic"
"K037","anaemic","not anaemic"
"K038","not anaemic","not anaemic"
"K039","anaemic","anaemic"
"K040","not anaemic","not anaemic"
"K041","anaemic","not anaemic"
"K042","not anaemic","not anaemic"
"K043","not anaemic","not anaemic"
"K044","anaemic","not anaemic"
"K045","not anaemic","not anaemic"
"K046","not anaemic","not anaemic"
"K047","not anaemic","not anaemic"
"K048","anaemic","not anaemic"
"K049","not anaemic","not anaemic"
"K050","anaemic","anaemic"
"K051","not anaemic","not anaemic"
"K052","not anaemic","not anaemic"
"K053","not anaemic","not anaemic"
"K054","not anaemic","not anaemic"
"K055","not anaemic","not anaemic"
"K056","not anaemic","not anaemic"
"K057","not anaemic","not anaemic"
"K058","not anaemic","not anaemic"
"K059","not anaemic","not anaemic"
"K060","not anaemic","not anaemic"
"K061","anaemic","not anaemic"
"K062","not anaemic","not anaemic"
"K063","not anaemic","not anaemic"
"K064","not anaemic","not anaemic"
"K065","not anaemic","not anaemic"
"K066","not anaemic","not anaemic"
"K067","anaemic","anaemic"
"K068","anaemic","not anaemic"
"K069","not anaemic","not anaemic"
"K070","not anaemic","not anaemic"
"K071","not anaemic","not anaemic"
"K072","not anaemic","not anaemic"
"K073","not anaemic","not anaemic"
"K074","not anaemic","not anaemic"
"K075","not anaemic","not anaemic"
"K076","not anaemic","not anaemic"
"K077","not anaemic","not anaemic"
"K078","not anaemic","not anaemic"
"K079","not anaemic","not anaemic"
"K080","not anaemic","not anaemic"
"K081","not anaemic","not anaemic"
"K082","not anaemic","not anaemic"
"K083","not anaemic","not anaemic"
"K084","anaemic","anaemic"
"K085","not anaemic","not anaemic"
"K086","not anaemic","not anaemic"
"K087","not anaemic","not anaemic"
"K088","anaemic","not anaemic"
"K089","not anaemic","anaemic"
"K090","not anaemic","not anaemic"
"K091","not anaemic","not anaemic"
"K092","not anaemic","not anaemic"
"K093","not anaemic","not anaemic"
"K094","not anaemic","not anaemic"
"K095","anaemic","not anaemic"
"K096","not anaemic","anaemic"
"K097","anaemic","anaemic"
"K098","not anaemic","not anaemic"
"K099","not anaemic","not anaemic"
"K100","not anaemic","not anaemic"
