"woman_id","stratum","district","residence","psu","weight","age","education","anaemic"
"N001","District A - urban","District A","urban","PSU01",375,19,"secondary+",1
"N002","District A - urban","District A","urban","PSU01",375,24,"primary",1
"N003","District A - urban","District A","urban","PSU01",375,48,"secondary+",0
"N004","District A - urban","District A","urban","PSU01",375,30,"secondary+",0
"N005","District A - urban","District A","urban","PSU01",375,48,"secondary+",1
"N006","District A - urban","District A","urban","PSU01",375,27,"secondary+",1
"N007","District A - urban","District A","urban","PSU01",375,38,"secondary+",1
"N008","District A - urban","District A","urban","PSU01",375,28,"none",1
"N009","District A - urban","District A","urban","PSU01",375,39,"primary",1
"N010","District A - urban","District A","urban","PSU01",375,31,"none",1
"N011","District A - urban","District A","urban","PSU01",375,31,"primary",1
"N012","District A - urban","District A","urban","PSU01",375,28,"secondary+",1
"N013","District A - urban","District A","urban","PSU01",375,15,"secondary+",1
"N014","District A - urban","District A","urban","PSU01",375,41,"secondary+",0
"N015","District A - urban","District A","urban","PSU01",375,46,"secondary+",1
"N016","District A - urban","District A","urban","PSU01",375,38,"secondary+",1
"N017","District A - urban","District A","urban","PSU01",375,44,"secondary+",1
"N018","District A - urban","District A","urban","PSU01",375,48,"secondary+",1
"N019","District A - urban","District A","urban","PSU01",375,15,"primary",1
"N020","District A - urban","District A","urban","PSU01",375,38,"secondary+",1
"N021","District A - urban","District A","urban","PSU02",375,47,"secondary+",0
"N022","District A - urban","District A","urban","PSU02",375,39,"secondary+",0
"N023","District A - urban","District A","urban","PSU02",375,37,"none",0
"N024","District A - urban","District A","urban","PSU02",375,27,"primary",0
"N025","District A - urban","District A","urban","PSU02",375,48,"none",0
"N026","District A - urban","District A","urban","PSU02",375,46,"secondary+",1
"N027","District A - urban","District A","urban","PSU02",375,20,"primary",0
"N028","District A - urban","District A","urban","PSU02",375,45,"secondary+",0
"N029","District A - urban","District A","urban","PSU02",375,35,"secondary+",1
"N030","District A - urban","District A","urban","PSU02",375,18,"none",0
"N031","District A - urban","District A","urban","PSU02",375,33,"primary",0
"N032","District A - urban","District A","urban","PSU02",375,36,"secondary+",0
"N033","District A - urban","District A","urban","PSU02",375,48,"secondary+",0
"N034","District A - urban","District A","urban","PSU02",375,33,"primary",0
"N035","District A - urban","District A","urban","PSU02",375,43,"secondary+",0
"N036","District A - urban","District A","urban","PSU02",375,40,"none",0
"N037","District A - urban","District A","urban","PSU02",375,27,"secondary+",0
"N038","District A - urban","District A","urban","PSU02",375,24,"secondary+",0
"N039","District A - urban","District A","urban","PSU02",375,40,"primary",0
"N040","District A - urban","District A","urban","PSU02",375,33,"secondary+",0
"N041","District A - urban","District A","urban","PSU03",375,39,"secondary+",0
"N042","District A - urban","District A","urban","PSU03",375,23,"secondary+",0
"N043","District A - urban","District A","urban","PSU03",375,19,"none",0
"N044","District A - urban","District A","urban","PSU03",375,15,"secondary+",1
"N045","District A - urban","District A","urban","PSU03",375,19,"primary",0
"N046","District A - urban","District A","urban","PSU03",375,24,"secondary+",1
"N047","District A - urban","District A","urban","PSU03",375,15,"none",1
"N048","District A - urban","District A","urban","PSU03",375,46,"secondary+",0
"N049","District A - urban","District A","urban","PSU03",375,20,"secondary+",0
"N050","District A - urban","District A","urban","PSU03",375,26,"secondary+",0
"N051","District A - urban","District A","urban","PSU03",375,32,"secondary+",0
"N052","District A - urban","District A","urban","PSU03",375,23,"none",0
"N053","District A - urban","District A","urban","PSU03",375,48,"primary",1
"N054","District A - urban","District A","urban","PSU03",375,16,"primary",1
"N055","District A - urban","District A","urban","PSU03",375,23,"secondary+",0
"N056","District A - urban","District A","urban","PSU03",375,33,"secondary+",0
"N057","District A - urban","District A","urban","PSU03",375,37,"primary",0
"N058","District A - urban","District A","urban","PSU03",375,38,"secondary+",0
"N059","District A - urban","District A","urban","PSU03",375,19,"primary",0
"N060","District A - urban","District A","urban","PSU03",375,16,"secondary+",0
"N061","District A - urban","District A","urban","PSU04",375,33,"primary",0
"N062","District A - urban","District A","urban","PSU04",375,44,"secondary+",1
"N063","District A - urban","District A","urban","PSU04",375,30,"primary",1
"N064","District A - urban","District A","urban","PSU04",375,39,"none",1
"N065","District A - urban","District A","urban","PSU04",375,16,"none",0
"N066","District A - urban","District A","urban","PSU04",375,26,"secondary+",0
"N067","District A - urban","District A","urban","PSU04",375,30,"none",0
"N068","District A - urban","District A","urban","PSU04",375,22,"primary",0
"N069","District A - urban","District A","urban","PSU04",375,25,"primary",1
"N070","District A - urban","District A","urban","PSU04",375,43,"none",0
"N071","District A - urban","District A","urban","PSU04",375,16,"primary",0
"N072","District A - urban","District A","urban","PSU04",375,16,"secondary+",1
"N073","District A - urban","District A","urban","PSU04",375,21,"secondary+",0
"N074","District A - urban","District A","urban","PSU04",375,49,"secondary+",0
"N075","District A - urban","District A","urban","PSU04",375,47,"primary",0
"N076","District A - urban","District A","urban","PSU04",375,17,"primary",0
"N077","District A - urban","District A","urban","PSU04",375,44,"secondary+",0
"N078","District A - urban","District A","urban","PSU04",375,49,"secondary+",0
"N079","District A - urban","District A","urban","PSU04",375,35,"primary",0
"N080","District A - urban","District A","urban","PSU04",375,35,"primary",0
"N081","District A - urban","District A","urban","PSU05",375,49,"none",0
"N082","District A - urban","District A","urban","PSU05",375,20,"secondary+",0
"N083","District A - urban","District A","urban","PSU05",375,17,"secondary+",1
"N084","District A - urban","District A","urban","PSU05",375,36,"secondary+",0
"N085","District A - urban","District A","urban","PSU05",375,42,"secondary+",0
"N086","District A - urban","District A","urban","PSU05",375,30,"secondary+",0
"N087","District A - urban","District A","urban","PSU05",375,35,"none",0
"N088","District A - urban","District A","urban","PSU05",375,39,"primary",0
"N089","District A - urban","District A","urban","PSU05",375,31,"primary",1
"N090","District A - urban","District A","urban","PSU05",375,21,"secondary+",1
"N091","District A - urban","District A","urban","PSU05",375,46,"none",1
"N092","District A - urban","District A","urban","PSU05",375,34,"none",0
"N093","District A - urban","District A","urban","PSU05",375,17,"primary",0
"N094","District A - urban","District A","urban","PSU05",375,24,"primary",1
"N095","District A - urban","District A","urban","PSU05",375,46,"secondary+",1
"N096","District A - urban","District A","urban","PSU05",375,17,"secondary+",0
"N097","District A - urban","District A","urban","PSU05",375,26,"secondary+",0
"N098","District A - urban","District A","urban","PSU05",375,26,"secondary+",0
"N099","District A - urban","District A","urban","PSU05",375,28,"secondary+",0
"N100","District A - urban","District A","urban","PSU05",375,25,"secondary+",0
"N101","District A - urban","District A","urban","PSU06",375,16,"secondary+",0
"N102","District A - urban","District A","urban","PSU06",375,31,"secondary+",1
"N103","District A - urban","District A","urban","PSU06",375,29,"secondary+",0
"N104","District A - urban","District A","urban","PSU06",375,24,"primary",1
"N105","District A - urban","District A","urban","PSU06",375,37,"secondary+",0
"N106","District A - urban","District A","urban","PSU06",375,43,"primary",1
"N107","District A - urban","District A","urban","PSU06",375,22,"none",1
"N108","District A - urban","District A","urban","PSU06",375,38,"none",1
"N109","District A - urban","District A","urban","PSU06",375,29,"secondary+",0
"N110","District A - urban","District A","urban","PSU06",375,33,"none",1
"N111","District A - urban","District A","urban","PSU06",375,37,"primary",1
"N112","District A - urban","District A","urban","PSU06",375,27,"primary",1
"N113","District A - urban","District A","urban","PSU06",375,29,"primary",0
"N114","District A - urban","District A","urban","PSU06",375,20,"primary",1
"N115","District A - urban","District A","urban","PSU06",375,38,"secondary+",1
"N116","District A - urban","District A","urban","PSU06",375,45,"secondary+",1
"N117","District A - urban","District A","urban","PSU06",375,28,"secondary+",0
"N118","District A - urban","District A","urban","PSU06",375,17,"none",1
"N119","District A - urban","District A","urban","PSU06",375,31,"primary",0
"N120","District A - urban","District A","urban","PSU06",375,28,"primary",0
"N121","District A - urban","District A","urban","PSU07",375,39,"secondary+",1
"N122","District A - urban","District A","urban","PSU07",375,26,"primary",1
"N123","District A - urban","District A","urban","PSU07",375,24,"none",1
"N124","District A - urban","District A","urban","PSU07",375,31,"primary",0
"N125","District A - urban","District A","urban","PSU07",375,46,"secondary+",0
"N126","District A - urban","District A","urban","PSU07",375,38,"primary",1
"N127","District A - urban","District A","urban","PSU07",375,21,"primary",1
"N128","District A - urban","District A","urban","PSU07",375,23,"secondary+",1
"N129","District A - urban","District A","urban","PSU07",375,40,"none",0
"N130","District A - urban","District A","urban","PSU07",375,44,"primary",1
"N131","District A - urban","District A","urban","PSU07",375,33,"secondary+",0
"N132","District A - urban","District A","urban","PSU07",375,42,"secondary+",1
"N133","District A - urban","District A","urban","PSU07",375,31,"primary",0
"N134","District A - urban","District A","urban","PSU07",375,18,"primary",0
"N135","District A - urban","District A","urban","PSU07",375,20,"none",1
"N136","District A - urban","District A","urban","PSU07",375,28,"secondary+",0
"N137","District A - urban","District A","urban","PSU07",375,35,"primary",0
"N138","District A - urban","District A","urban","PSU07",375,43,"none",1
"N139","District A - urban","District A","urban","PSU07",375,25,"secondary+",1
"N140","District A - urban","District A","urban","PSU07",375,20,"secondary+",1
"N141","District A - urban","District A","urban","PSU08",375,46,"secondary+",1
"N142","District A - urban","District A","urban","PSU08",375,42,"primary",0
"N143","District A - urban","District A","urban","PSU08",375,34,"primary",0
"N144","District A - urban","District A","urban","PSU08",375,30,"secondary+",0
"N145","District A - urban","District A","urban","PSU08",375,25,"none",1
"N146","District A - urban","District A","urban","PSU08",375,44,"secondary+",0
"N147","District A - urban","District A","urban","PSU08",375,48,"secondary+",0
"N148","District A - urban","District A","urban","PSU08",375,21,"secondary+",1
"N149","District A - urban","District A","urban","PSU08",375,31,"secondary+",0
"N150","District A - urban","District A","urban","PSU08",375,45,"none",0
"N151","District A - urban","District A","urban","PSU08",375,27,"secondary+",0
"N152","District A - urban","District A","urban","PSU08",375,46,"primary",1
"N153","District A - urban","District A","urban","PSU08",375,22,"secondary+",1
"N154","District A - urban","District A","urban","PSU08",375,29,"primary",1
"N155","District A - urban","District A","urban","PSU08",375,18,"secondary+",0
"N156","District A - urban","District A","urban","PSU08",375,15,"secondary+",0
"N157","District A - urban","District A","urban","PSU08",375,34,"secondary+",1
"N158","District A - urban","District A","urban","PSU08",375,18,"secondary+",0
"N159","District A - urban","District A","urban","PSU08",375,20,"secondary+",1
"N160","District A - urban","District A","urban","PSU08",375,43,"secondary+",0
"N161","District A - rural","District A","rural","PSU09",875,31,"none",1
"N162","District A - rural","District A","rural","PSU09",875,34,"primary",1
"N163","District A - rural","District A","rural","PSU09",875,35,"none",1
"N164","District A - rural","District A","rural","PSU09",875,30,"none",0
"N165","District A - rural","District A","rural","PSU09",875,32,"none",1
"N166","District A - rural","District A","rural","PSU09",875,32,"primary",0
"N167","District A - rural","District A","rural","PSU09",875,47,"primary",0
"N168","District A - rural","District A","rural","PSU09",875,15,"primary",1
"N169","District A - rural","District A","rural","PSU09",875,18,"secondary+",0
"N170","District A - rural","District A","rural","PSU09",875,27,"none",0
"N171","District A - rural","District A","rural","PSU09",875,18,"primary",1
"N172","District A - rural","District A","rural","PSU09",875,39,"primary",1
"N173","District A - rural","District A","rural","PSU09",875,43,"secondary+",0
"N174","District A - rural","District A","rural","PSU09",875,34,"primary",1
"N175","District A - rural","District A","rural","PSU09",875,49,"secondary+",0
"N176","District A - rural","District A","rural","PSU09",875,18,"secondary+",1
"N177","District A - rural","District A","rural","PSU09",875,33,"none",1
"N178","District A - rural","District A","rural","PSU09",875,33,"primary",1
"N179","District A - rural","District A","rural","PSU09",875,21,"primary",1
"N180","District A - rural","District A","rural","PSU09",875,32,"primary",0
"N181","District A - rural","District A","rural","PSU10",875,22,"none",0
"N182","District A - rural","District A","rural","PSU10",875,18,"primary",0
"N183","District A - rural","District A","rural","PSU10",875,33,"none",1
"N184","District A - rural","District A","rural","PSU10",875,41,"none",1
"N185","District A - rural","District A","rural","PSU10",875,43,"primary",1
"N186","District A - rural","District A","rural","PSU10",875,26,"none",1
"N187","District A - rural","District A","rural","PSU10",875,19,"primary",1
"N188","District A - rural","District A","rural","PSU10",875,25,"primary",1
"N189","District A - rural","District A","rural","PSU10",875,38,"primary",0
"N190","District A - rural","District A","rural","PSU10",875,44,"secondary+",0
"N191","District A - rural","District A","rural","PSU10",875,20,"secondary+",0
"N192","District A - rural","District A","rural","PSU10",875,49,"primary",0
"N193","District A - rural","District A","rural","PSU10",875,33,"none",0
"N194","District A - rural","District A","rural","PSU10",875,28,"primary",1
"N195","District A - rural","District A","rural","PSU10",875,39,"none",0
"N196","District A - rural","District A","rural","PSU10",875,20,"secondary+",1
"N197","District A - rural","District A","rural","PSU10",875,34,"none",0
"N198","District A - rural","District A","rural","PSU10",875,49,"none",0
"N199","District A - rural","District A","rural","PSU10",875,33,"none",0
"N200","District A - rural","District A","rural","PSU10",875,44,"primary",0
"N201","District A - rural","District A","rural","PSU11",875,43,"secondary+",0
"N202","District A - rural","District A","rural","PSU11",875,17,"none",1
"N203","District A - rural","District A","rural","PSU11",875,32,"none",1
"N204","District A - rural","District A","rural","PSU11",875,26,"primary",1
"N205","District A - rural","District A","rural","PSU11",875,49,"primary",1
"N206","District A - rural","District A","rural","PSU11",875,36,"none",1
"N207","District A - rural","District A","rural","PSU11",875,48,"none",1
"N208","District A - rural","District A","rural","PSU11",875,22,"none",1
"N209","District A - rural","District A","rural","PSU11",875,26,"primary",1
"N210","District A - rural","District A","rural","PSU11",875,23,"secondary+",0
"N211","District A - rural","District A","rural","PSU11",875,37,"none",1
"N212","District A - rural","District A","rural","PSU11",875,30,"none",1
"N213","District A - rural","District A","rural","PSU11",875,45,"secondary+",1
"N214","District A - rural","District A","rural","PSU11",875,33,"primary",1
"N215","District A - rural","District A","rural","PSU11",875,29,"secondary+",0
"N216","District A - rural","District A","rural","PSU11",875,23,"none",1
"N217","District A - rural","District A","rural","PSU11",875,43,"none",0
"N218","District A - rural","District A","rural","PSU11",875,31,"secondary+",1
"N219","District A - rural","District A","rural","PSU11",875,40,"none",1
"N220","District A - rural","District A","rural","PSU11",875,37,"secondary+",1
"N221","District A - rural","District A","rural","PSU12",875,24,"primary",1
"N222","District A - rural","District A","rural","PSU12",875,36,"primary",1
"N223","District A - rural","District A","rural","PSU12",875,44,"none",1
"N224","District A - rural","District A","rural","PSU12",875,20,"none",0
"N225","District A - rural","District A","rural","PSU12",875,17,"secondary+",0
"N226","District A - rural","District A","rural","PSU12",875,39,"secondary+",0
"N227","District A - rural","District A","rural","PSU12",875,22,"none",0
"N228","District A - rural","District A","rural","PSU12",875,44,"secondary+",0
"N229","District A - rural","District A","rural","PSU12",875,26,"primary",0
"N230","District A - rural","District A","rural","PSU12",875,42,"primary",1
"N231","District A - rural","District A","rural","PSU12",875,16,"secondary+",1
"N232","District A - rural","District A","rural","PSU12",875,37,"primary",1
"N233","District A - rural","District A","rural","PSU12",875,24,"secondary+",0
"N234","District A - rural","District A","rural","PSU12",875,15,"primary",0
"N235","District A - rural","District A","rural","PSU12",875,47,"primary",1
"N236","District A - rural","District A","rural","PSU12",875,49,"primary",0
"N237","District A - rural","District A","rural","PSU12",875,49,"primary",1
"N238","District A - rural","District A","rural","PSU12",875,48,"secondary+",0
"N239","District A - rural","District A","rural","PSU12",875,36,"secondary+",1
"N240","District A - rural","District A","rural","PSU12",875,20,"primary",1
"N241","District A - rural","District A","rural","PSU13",875,29,"primary",1
"N242","District A - rural","District A","rural","PSU13",875,45,"secondary+",0
"N243","District A - rural","District A","rural","PSU13",875,34,"none",1
"N244","District A - rural","District A","rural","PSU13",875,25,"none",0
"N245","District A - rural","District A","rural","PSU13",875,26,"none",1
"N246","District A - rural","District A","rural","PSU13",875,32,"none",1
"N247","District A - rural","District A","rural","PSU13",875,34,"none",1
"N248","District A - rural","District A","rural","PSU13",875,24,"primary",1
"N249","District A - rural","District A","rural","PSU13",875,43,"secondary+",1
"N250","District A - rural","District A","rural","PSU13",875,24,"none",1
"N251","District A - rural","District A","rural","PSU13",875,18,"none",1
"N252","District A - rural","District A","rural","PSU13",875,36,"secondary+",0
"N253","District A - rural","District A","rural","PSU13",875,16,"none",1
"N254","District A - rural","District A","rural","PSU13",875,37,"primary",0
"N255","District A - rural","District A","rural","PSU13",875,18,"primary",0
"N256","District A - rural","District A","rural","PSU13",875,16,"none",1
"N257","District A - rural","District A","rural","PSU13",875,23,"primary",0
"N258","District A - rural","District A","rural","PSU13",875,33,"primary",1
"N259","District A - rural","District A","rural","PSU13",875,27,"primary",0
"N260","District A - rural","District A","rural","PSU13",875,23,"none",1
"N261","District A - rural","District A","rural","PSU14",875,43,"primary",1
"N262","District A - rural","District A","rural","PSU14",875,41,"secondary+",0
"N263","District A - rural","District A","rural","PSU14",875,45,"secondary+",0
"N264","District A - rural","District A","rural","PSU14",875,36,"primary",1
"N265","District A - rural","District A","rural","PSU14",875,47,"primary",0
"N266","District A - rural","District A","rural","PSU14",875,43,"secondary+",0
"N267","District A - rural","District A","rural","PSU14",875,49,"secondary+",1
"N268","District A - rural","District A","rural","PSU14",875,26,"none",1
"N269","District A - rural","District A","rural","PSU14",875,46,"secondary+",1
"N270","District A - rural","District A","rural","PSU14",875,44,"secondary+",0
"N271","District A - rural","District A","rural","PSU14",875,45,"primary",0
"N272","District A - rural","District A","rural","PSU14",875,37,"primary",0
"N273","District A - rural","District A","rural","PSU14",875,19,"none",1
"N274","District A - rural","District A","rural","PSU14",875,29,"primary",0
"N275","District A - rural","District A","rural","PSU14",875,31,"none",1
"N276","District A - rural","District A","rural","PSU14",875,39,"none",1
"N277","District A - rural","District A","rural","PSU14",875,37,"primary",0
"N278","District A - rural","District A","rural","PSU14",875,47,"secondary+",0
"N279","District A - rural","District A","rural","PSU14",875,34,"secondary+",1
"N280","District A - rural","District A","rural","PSU14",875,19,"secondary+",1
"N281","District A - rural","District A","rural","PSU15",875,44,"primary",0
"N282","District A - rural","District A","rural","PSU15",875,47,"primary",0
"N283","District A - rural","District A","rural","PSU15",875,44,"none",1
"N284","District A - rural","District A","rural","PSU15",875,47,"none",0
"N285","District A - rural","District A","rural","PSU15",875,39,"primary",1
"N286","District A - rural","District A","rural","PSU15",875,19,"primary",1
"N287","District A - rural","District A","rural","PSU15",875,27,"primary",1
"N288","District A - rural","District A","rural","PSU15",875,40,"none",1
"N289","District A - rural","District A","rural","PSU15",875,26,"primary",0
"N290","District A - rural","District A","rural","PSU15",875,43,"secondary+",1
"N291","District A - rural","District A","rural","PSU15",875,29,"secondary+",0
"N292","District A - rural","District A","rural","PSU15",875,46,"none",1
"N293","District A - rural","District A","rural","PSU15",875,17,"secondary+",0
"N294","District A - rural","District A","rural","PSU15",875,25,"primary",0
"N295","District A - rural","District A","rural","PSU15",875,38,"secondary+",0
"N296","District A - rural","District A","rural","PSU15",875,47,"secondary+",1
"N297","District A - rural","District A","rural","PSU15",875,35,"primary",0
"N298","District A - rural","District A","rural","PSU15",875,39,"primary",1
"N299","District A - rural","District A","rural","PSU15",875,46,"none",1
"N300","District A - rural","District A","rural","PSU15",875,15,"secondary+",0
"N301","District A - rural","District A","rural","PSU16",875,48,"primary",1
"N302","District A - rural","District A","rural","PSU16",875,36,"none",1
"N303","District A - rural","District A","rural","PSU16",875,41,"none",1
"N304","District A - rural","District A","rural","PSU16",875,38,"secondary+",1
"N305","District A - rural","District A","rural","PSU16",875,35,"primary",1
"N306","District A - rural","District A","rural","PSU16",875,44,"secondary+",1
"N307","District A - rural","District A","rural","PSU16",875,16,"none",1
"N308","District A - rural","District A","rural","PSU16",875,40,"primary",1
"N309","District A - rural","District A","rural","PSU16",875,46,"none",1
"N310","District A - rural","District A","rural","PSU16",875,15,"none",1
"N311","District A - rural","District A","rural","PSU16",875,24,"secondary+",0
"N312","District A - rural","District A","rural","PSU16",875,31,"secondary+",1
"N313","District A - rural","District A","rural","PSU16",875,38,"secondary+",1
"N314","District A - rural","District A","rural","PSU16",875,39,"primary",0
"N315","District A - rural","District A","rural","PSU16",875,35,"primary",0
"N316","District A - rural","District A","rural","PSU16",875,23,"secondary+",1
"N317","District A - rural","District A","rural","PSU16",875,30,"secondary+",1
"N318","District A - rural","District A","rural","PSU16",875,28,"primary",1
"N319","District A - rural","District A","rural","PSU16",875,25,"secondary+",1
"N320","District A - rural","District A","rural","PSU16",875,34,"primary",0
"N321","District B - urban","District B","urban","PSU17",187.5,33,"secondary+",0
"N322","District B - urban","District B","urban","PSU17",187.5,33,"primary",1
"N323","District B - urban","District B","urban","PSU17",187.5,23,"secondary+",1
"N324","District B - urban","District B","urban","PSU17",187.5,40,"secondary+",0
"N325","District B - urban","District B","urban","PSU17",187.5,29,"primary",1
"N326","District B - urban","District B","urban","PSU17",187.5,48,"primary",0
"N327","District B - urban","District B","urban","PSU17",187.5,26,"secondary+",1
"N328","District B - urban","District B","urban","PSU17",187.5,38,"primary",1
"N329","District B - urban","District B","urban","PSU17",187.5,21,"secondary+",1
"N330","District B - urban","District B","urban","PSU17",187.5,33,"secondary+",0
"N331","District B - urban","District B","urban","PSU17",187.5,37,"primary",0
"N332","District B - urban","District B","urban","PSU17",187.5,39,"secondary+",1
"N333","District B - urban","District B","urban","PSU17",187.5,34,"none",1
"N334","District B - urban","District B","urban","PSU17",187.5,22,"secondary+",0
"N335","District B - urban","District B","urban","PSU17",187.5,15,"secondary+",0
"N336","District B - urban","District B","urban","PSU17",187.5,49,"secondary+",1
"N337","District B - urban","District B","urban","PSU17",187.5,19,"primary",1
"N338","District B - urban","District B","urban","PSU17",187.5,20,"secondary+",1
"N339","District B - urban","District B","urban","PSU17",187.5,45,"secondary+",1
"N340","District B - urban","District B","urban","PSU17",187.5,15,"secondary+",1
"N341","District B - urban","District B","urban","PSU18",187.5,32,"secondary+",1
"N342","District B - urban","District B","urban","PSU18",187.5,23,"secondary+",1
"N343","District B - urban","District B","urban","PSU18",187.5,44,"secondary+",1
"N344","District B - urban","District B","urban","PSU18",187.5,29,"none",0
"N345","District B - urban","District B","urban","PSU18",187.5,24,"none",0
"N346","District B - urban","District B","urban","PSU18",187.5,36,"secondary+",1
"N347","District B - urban","District B","urban","PSU18",187.5,27,"secondary+",0
"N348","District B - urban","District B","urban","PSU18",187.5,26,"secondary+",0
"N349","District B - urban","District B","urban","PSU18",187.5,31,"secondary+",0
"N350","District B - urban","District B","urban","PSU18",187.5,28,"primary",0
"N351","District B - urban","District B","urban","PSU18",187.5,36,"secondary+",1
"N352","District B - urban","District B","urban","PSU18",187.5,29,"secondary+",1
"N353","District B - urban","District B","urban","PSU18",187.5,22,"primary",1
"N354","District B - urban","District B","urban","PSU18",187.5,33,"secondary+",0
"N355","District B - urban","District B","urban","PSU18",187.5,22,"none",0
"N356","District B - urban","District B","urban","PSU18",187.5,48,"primary",1
"N357","District B - urban","District B","urban","PSU18",187.5,20,"secondary+",1
"N358","District B - urban","District B","urban","PSU18",187.5,47,"secondary+",1
"N359","District B - urban","District B","urban","PSU18",187.5,43,"secondary+",1
"N360","District B - urban","District B","urban","PSU18",187.5,20,"secondary+",1
"N361","District B - urban","District B","urban","PSU19",187.5,36,"secondary+",1
"N362","District B - urban","District B","urban","PSU19",187.5,17,"none",1
"N363","District B - urban","District B","urban","PSU19",187.5,30,"secondary+",1
"N364","District B - urban","District B","urban","PSU19",187.5,30,"secondary+",0
"N365","District B - urban","District B","urban","PSU19",187.5,22,"primary",0
"N366","District B - urban","District B","urban","PSU19",187.5,44,"primary",0
"N367","District B - urban","District B","urban","PSU19",187.5,43,"none",1
"N368","District B - urban","District B","urban","PSU19",187.5,46,"secondary+",0
"N369","District B - urban","District B","urban","PSU19",187.5,23,"secondary+",0
"N370","District B - urban","District B","urban","PSU19",187.5,48,"secondary+",0
"N371","District B - urban","District B","urban","PSU19",187.5,24,"secondary+",0
"N372","District B - urban","District B","urban","PSU19",187.5,40,"secondary+",0
"N373","District B - urban","District B","urban","PSU19",187.5,20,"secondary+",0
"N374","District B - urban","District B","urban","PSU19",187.5,23,"secondary+",1
"N375","District B - urban","District B","urban","PSU19",187.5,44,"primary",0
"N376","District B - urban","District B","urban","PSU19",187.5,16,"primary",0
"N377","District B - urban","District B","urban","PSU19",187.5,25,"secondary+",0
"N378","District B - urban","District B","urban","PSU19",187.5,19,"primary",1
"N379","District B - urban","District B","urban","PSU19",187.5,36,"secondary+",0
"N380","District B - urban","District B","urban","PSU19",187.5,15,"none",0
"N381","District B - urban","District B","urban","PSU20",187.5,27,"secondary+",1
"N382","District B - urban","District B","urban","PSU20",187.5,23,"secondary+",1
"N383","District B - urban","District B","urban","PSU20",187.5,37,"primary",1
"N384","District B - urban","District B","urban","PSU20",187.5,47,"primary",1
"N385","District B - urban","District B","urban","PSU20",187.5,49,"primary",1
"N386","District B - urban","District B","urban","PSU20",187.5,17,"secondary+",0
"N387","District B - urban","District B","urban","PSU20",187.5,19,"primary",1
"N388","District B - urban","District B","urban","PSU20",187.5,30,"primary",1
"N389","District B - urban","District B","urban","PSU20",187.5,26,"primary",1
"N390","District B - urban","District B","urban","PSU20",187.5,31,"secondary+",1
"N391","District B - urban","District B","urban","PSU20",187.5,18,"primary",1
"N392","District B - urban","District B","urban","PSU20",187.5,26,"primary",1
"N393","District B - urban","District B","urban","PSU20",187.5,19,"primary",1
"N394","District B - urban","District B","urban","PSU20",187.5,46,"primary",1
"N395","District B - urban","District B","urban","PSU20",187.5,22,"primary",0
"N396","District B - urban","District B","urban","PSU20",187.5,38,"secondary+",0
"N397","District B - urban","District B","urban","PSU20",187.5,38,"primary",1
"N398","District B - urban","District B","urban","PSU20",187.5,32,"secondary+",1
"N399","District B - urban","District B","urban","PSU20",187.5,15,"secondary+",1
"N400","District B - urban","District B","urban","PSU20",187.5,45,"primary",0
"N401","District B - urban","District B","urban","PSU21",187.5,15,"secondary+",0
"N402","District B - urban","District B","urban","PSU21",187.5,27,"primary",0
"N403","District B - urban","District B","urban","PSU21",187.5,19,"secondary+",0
"N404","District B - urban","District B","urban","PSU21",187.5,15,"primary",1
"N405","District B - urban","District B","urban","PSU21",187.5,40,"secondary+",0
"N406","District B - urban","District B","urban","PSU21",187.5,24,"primary",0
"N407","District B - urban","District B","urban","PSU21",187.5,42,"secondary+",0
"N408","District B - urban","District B","urban","PSU21",187.5,37,"none",1
"N409","District B - urban","District B","urban","PSU21",187.5,34,"primary",0
"N410","District B - urban","District B","urban","PSU21",187.5,20,"secondary+",1
"N411","District B - urban","District B","urban","PSU21",187.5,45,"primary",0
"N412","District B - urban","District B","urban","PSU21",187.5,30,"secondary+",0
"N413","District B - urban","District B","urban","PSU21",187.5,21,"none",1
"N414","District B - urban","District B","urban","PSU21",187.5,35,"primary",0
"N415","District B - urban","District B","urban","PSU21",187.5,17,"primary",0
"N416","District B - urban","District B","urban","PSU21",187.5,29,"primary",0
"N417","District B - urban","District B","urban","PSU21",187.5,49,"none",0
"N418","District B - urban","District B","urban","PSU21",187.5,25,"secondary+",0
"N419","District B - urban","District B","urban","PSU21",187.5,31,"secondary+",0
"N420","District B - urban","District B","urban","PSU21",187.5,31,"secondary+",1
"N421","District B - urban","District B","urban","PSU22",187.5,30,"secondary+",1
"N422","District B - urban","District B","urban","PSU22",187.5,17,"secondary+",0
"N423","District B - urban","District B","urban","PSU22",187.5,40,"none",1
"N424","District B - urban","District B","urban","PSU22",187.5,42,"secondary+",1
"N425","District B - urban","District B","urban","PSU22",187.5,44,"secondary+",1
"N426","District B - urban","District B","urban","PSU22",187.5,28,"primary",0
"N427","District B - urban","District B","urban","PSU22",187.5,23,"primary",1
"N428","District B - urban","District B","urban","PSU22",187.5,15,"secondary+",0
"N429","District B - urban","District B","urban","PSU22",187.5,41,"secondary+",1
"N430","District B - urban","District B","urban","PSU22",187.5,25,"none",1
"N431","District B - urban","District B","urban","PSU22",187.5,28,"secondary+",0
"N432","District B - urban","District B","urban","PSU22",187.5,44,"secondary+",0
"N433","District B - urban","District B","urban","PSU22",187.5,39,"secondary+",1
"N434","District B - urban","District B","urban","PSU22",187.5,39,"primary",0
"N435","District B - urban","District B","urban","PSU22",187.5,46,"primary",0
"N436","District B - urban","District B","urban","PSU22",187.5,47,"secondary+",0
"N437","District B - urban","District B","urban","PSU22",187.5,24,"secondary+",0
"N438","District B - urban","District B","urban","PSU22",187.5,34,"primary",0
"N439","District B - urban","District B","urban","PSU22",187.5,48,"primary",1
"N440","District B - urban","District B","urban","PSU22",187.5,45,"secondary+",0
"N441","District B - urban","District B","urban","PSU23",187.5,48,"secondary+",0
"N442","District B - urban","District B","urban","PSU23",187.5,26,"secondary+",0
"N443","District B - urban","District B","urban","PSU23",187.5,20,"primary",0
"N444","District B - urban","District B","urban","PSU23",187.5,32,"secondary+",1
"N445","District B - urban","District B","urban","PSU23",187.5,32,"primary",1
"N446","District B - urban","District B","urban","PSU23",187.5,29,"primary",1
"N447","District B - urban","District B","urban","PSU23",187.5,37,"primary",1
"N448","District B - urban","District B","urban","PSU23",187.5,34,"secondary+",0
"N449","District B - urban","District B","urban","PSU23",187.5,15,"primary",1
"N450","District B - urban","District B","urban","PSU23",187.5,15,"primary",0
"N451","District B - urban","District B","urban","PSU23",187.5,24,"primary",1
"N452","District B - urban","District B","urban","PSU23",187.5,41,"secondary+",1
"N453","District B - urban","District B","urban","PSU23",187.5,23,"primary",0
"N454","District B - urban","District B","urban","PSU23",187.5,22,"primary",0
"N455","District B - urban","District B","urban","PSU23",187.5,22,"none",1
"N456","District B - urban","District B","urban","PSU23",187.5,43,"primary",1
"N457","District B - urban","District B","urban","PSU23",187.5,22,"secondary+",0
"N458","District B - urban","District B","urban","PSU23",187.5,30,"primary",0
"N459","District B - urban","District B","urban","PSU23",187.5,27,"none",1
"N460","District B - urban","District B","urban","PSU23",187.5,37,"none",0
"N461","District B - urban","District B","urban","PSU24",187.5,38,"primary",1
"N462","District B - urban","District B","urban","PSU24",187.5,35,"secondary+",0
"N463","District B - urban","District B","urban","PSU24",187.5,27,"secondary+",0
"N464","District B - urban","District B","urban","PSU24",187.5,29,"secondary+",0
"N465","District B - urban","District B","urban","PSU24",187.5,47,"secondary+",0
"N466","District B - urban","District B","urban","PSU24",187.5,42,"secondary+",1
"N467","District B - urban","District B","urban","PSU24",187.5,40,"secondary+",0
"N468","District B - urban","District B","urban","PSU24",187.5,24,"secondary+",0
"N469","District B - urban","District B","urban","PSU24",187.5,26,"none",1
"N470","District B - urban","District B","urban","PSU24",187.5,16,"secondary+",1
"N471","District B - urban","District B","urban","PSU24",187.5,46,"none",0
"N472","District B - urban","District B","urban","PSU24",187.5,26,"secondary+",0
"N473","District B - urban","District B","urban","PSU24",187.5,28,"secondary+",0
"N474","District B - urban","District B","urban","PSU24",187.5,39,"primary",0
"N475","District B - urban","District B","urban","PSU24",187.5,47,"secondary+",0
"N476","District B - urban","District B","urban","PSU24",187.5,27,"none",1
"N477","District B - urban","District B","urban","PSU24",187.5,43,"none",0
"N478","District B - urban","District B","urban","PSU24",187.5,15,"secondary+",0
"N479","District B - urban","District B","urban","PSU24",187.5,45,"primary",0
"N480","District B - urban","District B","urban","PSU24",187.5,44,"primary",0
"N481","District B - rural","District B","rural","PSU25",1062.5,46,"secondary+",0
"N482","District B - rural","District B","rural","PSU25",1062.5,21,"secondary+",0
"N483","District B - rural","District B","rural","PSU25",1062.5,30,"secondary+",1
"N484","District B - rural","District B","rural","PSU25",1062.5,25,"none",1
"N485","District B - rural","District B","rural","PSU25",1062.5,16,"none",0
"N486","District B - rural","District B","rural","PSU25",1062.5,43,"primary",0
"N487","District B - rural","District B","rural","PSU25",1062.5,16,"none",1
"N488","District B - rural","District B","rural","PSU25",1062.5,23,"primary",0
"N489","District B - rural","District B","rural","PSU25",1062.5,46,"none",1
"N490","District B - rural","District B","rural","PSU25",1062.5,23,"secondary+",1
"N491","District B - rural","District B","rural","PSU25",1062.5,23,"secondary+",0
"N492","District B - rural","District B","rural","PSU25",1062.5,33,"secondary+",0
"N493","District B - rural","District B","rural","PSU25",1062.5,36,"primary",1
"N494","District B - rural","District B","rural","PSU25",1062.5,34,"primary",0
"N495","District B - rural","District B","rural","PSU25",1062.5,37,"primary",1
"N496","District B - rural","District B","rural","PSU25",1062.5,34,"primary",0
"N497","District B - rural","District B","rural","PSU25",1062.5,39,"primary",1
"N498","District B - rural","District B","rural","PSU25",1062.5,48,"secondary+",0
"N499","District B - rural","District B","rural","PSU25",1062.5,19,"secondary+",0
"N500","District B - rural","District B","rural","PSU25",1062.5,36,"none",1
"N501","District B - rural","District B","rural","PSU26",1062.5,15,"primary",1
"N502","District B - rural","District B","rural","PSU26",1062.5,30,"secondary+",1
"N503","District B - rural","District B","rural","PSU26",1062.5,22,"primary",1
"N504","District B - rural","District B","rural","PSU26",1062.5,23,"primary",0
"N505","District B - rural","District B","rural","PSU26",1062.5,29,"primary",1
"N506","District B - rural","District B","rural","PSU26",1062.5,22,"none",0
"N507","District B - rural","District B","rural","PSU26",1062.5,20,"none",1
"N508","District B - rural","District B","rural","PSU26",1062.5,31,"secondary+",1
"N509","District B - rural","District B","rural","PSU26",1062.5,27,"secondary+",1
"N510","District B - rural","District B","rural","PSU26",1062.5,29,"primary",1
"N511","District B - rural","District B","rural","PSU26",1062.5,41,"secondary+",1
"N512","District B - rural","District B","rural","PSU26",1062.5,46,"secondary+",0
"N513","District B - rural","District B","rural","PSU26",1062.5,47,"primary",0
"N514","District B - rural","District B","rural","PSU26",1062.5,20,"none",0
"N515","District B - rural","District B","rural","PSU26",1062.5,24,"secondary+",1
"N516","District B - rural","District B","rural","PSU26",1062.5,21,"primary",1
"N517","District B - rural","District B","rural","PSU26",1062.5,36,"none",1
"N518","District B - rural","District B","rural","PSU26",1062.5,35,"none",0
"N519","District B - rural","District B","rural","PSU26",1062.5,21,"primary",1
"N520","District B - rural","District B","rural","PSU26",1062.5,25,"none",1
"N521","District B - rural","District B","rural","PSU27",1062.5,19,"primary",0
"N522","District B - rural","District B","rural","PSU27",1062.5,29,"primary",1
"N523","District B - rural","District B","rural","PSU27",1062.5,17,"none",0
"N524","District B - rural","District B","rural","PSU27",1062.5,16,"none",1
"N525","District B - rural","District B","rural","PSU27",1062.5,48,"primary",1
"N526","District B - rural","District B","rural","PSU27",1062.5,21,"primary",1
"N527","District B - rural","District B","rural","PSU27",1062.5,17,"secondary+",1
"N528","District B - rural","District B","rural","PSU27",1062.5,22,"primary",1
"N529","District B - rural","District B","rural","PSU27",1062.5,46,"none",1
"N530","District B - rural","District B","rural","PSU27",1062.5,19,"primary",1
"N531","District B - rural","District B","rural","PSU27",1062.5,35,"secondary+",0
"N532","District B - rural","District B","rural","PSU27",1062.5,45,"none",1
"N533","District B - rural","District B","rural","PSU27",1062.5,27,"secondary+",0
"N534","District B - rural","District B","rural","PSU27",1062.5,34,"secondary+",1
"N535","District B - rural","District B","rural","PSU27",1062.5,25,"primary",1
"N536","District B - rural","District B","rural","PSU27",1062.5,38,"primary",1
"N537","District B - rural","District B","rural","PSU27",1062.5,47,"primary",0
"N538","District B - rural","District B","rural","PSU27",1062.5,26,"none",0
"N539","District B - rural","District B","rural","PSU27",1062.5,33,"primary",1
"N540","District B - rural","District B","rural","PSU27",1062.5,21,"primary",0
"N541","District B - rural","District B","rural","PSU28",1062.5,18,"secondary+",1
"N542","District B - rural","District B","rural","PSU28",1062.5,33,"none",0
"N543","District B - rural","District B","rural","PSU28",1062.5,22,"primary",0
"N544","District B - rural","District B","rural","PSU28",1062.5,19,"secondary+",0
"N545","District B - rural","District B","rural","PSU28",1062.5,44,"primary",0
"N546","District B - rural","District B","rural","PSU28",1062.5,43,"none",0
"N547","District B - rural","District B","rural","PSU28",1062.5,44,"secondary+",1
"N548","District B - rural","District B","rural","PSU28",1062.5,44,"primary",0
"N549","District B - rural","District B","rural","PSU28",1062.5,36,"primary",1
"N550","District B - rural","District B","rural","PSU28",1062.5,48,"none",1
"N551","District B - rural","District B","rural","PSU28",1062.5,35,"none",0
"N552","District B - rural","District B","rural","PSU28",1062.5,43,"none",0
"N553","District B - rural","District B","rural","PSU28",1062.5,26,"none",1
"N554","District B - rural","District B","rural","PSU28",1062.5,19,"primary",0
"N555","District B - rural","District B","rural","PSU28",1062.5,27,"primary",0
"N556","District B - rural","District B","rural","PSU28",1062.5,27,"secondary+",0
"N557","District B - rural","District B","rural","PSU28",1062.5,15,"primary",1
"N558","District B - rural","District B","rural","PSU28",1062.5,44,"secondary+",1
"N559","District B - rural","District B","rural","PSU28",1062.5,17,"primary",0
"N560","District B - rural","District B","rural","PSU28",1062.5,40,"none",0
"N561","District B - rural","District B","rural","PSU29",1062.5,18,"secondary+",0
"N562","District B - rural","District B","rural","PSU29",1062.5,21,"secondary+",1
"N563","District B - rural","District B","rural","PSU29",1062.5,18,"primary",1
"N564","District B - rural","District B","rural","PSU29",1062.5,38,"secondary+",0
"N565","District B - rural","District B","rural","PSU29",1062.5,26,"none",0
"N566","District B - rural","District B","rural","PSU29",1062.5,28,"primary",1
"N567","District B - rural","District B","rural","PSU29",1062.5,21,"none",1
"N568","District B - rural","District B","rural","PSU29",1062.5,32,"primary",1
"N569","District B - rural","District B","rural","PSU29",1062.5,20,"primary",0
"N570","District B - rural","District B","rural","PSU29",1062.5,42,"primary",1
"N571","District B - rural","District B","rural","PSU29",1062.5,21,"secondary+",0
"N572","District B - rural","District B","rural","PSU29",1062.5,48,"none",1
"N573","District B - rural","District B","rural","PSU29",1062.5,32,"none",0
"N574","District B - rural","District B","rural","PSU29",1062.5,42,"secondary+",0
"N575","District B - rural","District B","rural","PSU29",1062.5,39,"primary",0
"N576","District B - rural","District B","rural","PSU29",1062.5,44,"secondary+",0
"N577","District B - rural","District B","rural","PSU29",1062.5,33,"none",1
"N578","District B - rural","District B","rural","PSU29",1062.5,19,"primary",0
"N579","District B - rural","District B","rural","PSU29",1062.5,26,"none",1
"N580","District B - rural","District B","rural","PSU29",1062.5,25,"secondary+",0
"N581","District B - rural","District B","rural","PSU30",1062.5,17,"primary",0
"N582","District B - rural","District B","rural","PSU30",1062.5,45,"none",0
"N583","District B - rural","District B","rural","PSU30",1062.5,49,"none",0
"N584","District B - rural","District B","rural","PSU30",1062.5,24,"secondary+",0
"N585","District B - rural","District B","rural","PSU30",1062.5,24,"primary",1
"N586","District B - rural","District B","rural","PSU30",1062.5,16,"primary",1
"N587","District B - rural","District B","rural","PSU30",1062.5,44,"primary",1
"N588","District B - rural","District B","rural","PSU30",1062.5,49,"secondary+",0
"N589","District B - rural","District B","rural","PSU30",1062.5,49,"primary",0
"N590","District B - rural","District B","rural","PSU30",1062.5,25,"none",1
"N591","District B - rural","District B","rural","PSU30",1062.5,24,"primary",1
"N592","District B - rural","District B","rural","PSU30",1062.5,18,"secondary+",1
"N593","District B - rural","District B","rural","PSU30",1062.5,46,"none",1
"N594","District B - rural","District B","rural","PSU30",1062.5,25,"none",1
"N595","District B - rural","District B","rural","PSU30",1062.5,34,"primary",1
"N596","District B - rural","District B","rural","PSU30",1062.5,42,"secondary+",0
"N597","District B - rural","District B","rural","PSU30",1062.5,30,"secondary+",1
"N598","District B - rural","District B","rural","PSU30",1062.5,21,"secondary+",0
"N599","District B - rural","District B","rural","PSU30",1062.5,23,"secondary+",1
"N600","District B - rural","District B","rural","PSU30",1062.5,45,"secondary+",1
"N601","District B - rural","District B","rural","PSU31",1062.5,38,"secondary+",0
"N602","District B - rural","District B","rural","PSU31",1062.5,43,"primary",1
"N603","District B - rural","District B","rural","PSU31",1062.5,34,"none",1
"N604","District B - rural","District B","rural","PSU31",1062.5,23,"none",0
"N605","District B - rural","District B","rural","PSU31",1062.5,21,"secondary+",1
"N606","District B - rural","District B","rural","PSU31",1062.5,18,"primary",1
"N607","District B - rural","District B","rural","PSU31",1062.5,18,"none",0
"N608","District B - rural","District B","rural","PSU31",1062.5,19,"primary",1
"N609","District B - rural","District B","rural","PSU31",1062.5,43,"primary",1
"N610","District B - rural","District B","rural","PSU31",1062.5,17,"primary",1
"N611","District B - rural","District B","rural","PSU31",1062.5,20,"secondary+",0
"N612","District B - rural","District B","rural","PSU31",1062.5,47,"primary",0
"N613","District B - rural","District B","rural","PSU31",1062.5,42,"secondary+",1
"N614","District B - rural","District B","rural","PSU31",1062.5,31,"primary",0
"N615","District B - rural","District B","rural","PSU31",1062.5,46,"primary",1
"N616","District B - rural","District B","rural","PSU31",1062.5,19,"none",1
"N617","District B - rural","District B","rural","PSU31",1062.5,17,"none",0
"N618","District B - rural","District B","rural","PSU31",1062.5,44,"none",0
"N619","District B - rural","District B","rural","PSU31",1062.5,20,"primary",1
"N620","District B - rural","District B","rural","PSU31",1062.5,24,"none",1
"N621","District B - rural","District B","rural","PSU32",1062.5,42,"primary",1
"N622","District B - rural","District B","rural","PSU32",1062.5,16,"none",0
"N623","District B - rural","District B","rural","PSU32",1062.5,35,"primary",1
"N624","District B - rural","District B","rural","PSU32",1062.5,26,"primary",0
"N625","District B - rural","District B","rural","PSU32",1062.5,15,"none",1
"N626","District B - rural","District B","rural","PSU32",1062.5,48,"none",1
"N627","District B - rural","District B","rural","PSU32",1062.5,33,"none",0
"N628","District B - rural","District B","rural","PSU32",1062.5,29,"primary",0
"N629","District B - rural","District B","rural","PSU32",1062.5,27,"secondary+",1
"N630","District B - rural","District B","rural","PSU32",1062.5,22,"none",0
"N631","District B - rural","District B","rural","PSU32",1062.5,15,"secondary+",0
"N632","District B - rural","District B","rural","PSU32",1062.5,39,"secondary+",1
"N633","District B - rural","District B","rural","PSU32",1062.5,21,"none",1
"N634","District B - rural","District B","rural","PSU32",1062.5,18,"secondary+",0
"N635","District B - rural","District B","rural","PSU32",1062.5,44,"none",0
"N636","District B - rural","District B","rural","PSU32",1062.5,33,"primary",1
"N637","District B - rural","District B","rural","PSU32",1062.5,43,"none",0
"N638","District B - rural","District B","rural","PSU32",1062.5,40,"primary",0
"N639","District B - rural","District B","rural","PSU32",1062.5,49,"primary",1
"N640","District B - rural","District B","rural","PSU32",1062.5,42,"secondary+",1
